Nr linii matrice,Nr coloane matrice,Nr linii kernel,Nr threaduri,Timp executie
10,10,3,4,1.15088
1000,1000,5,2,108.1244
1000,1000,5,4,109.03694
1000,1000,5,8,190.10598
1000,1000,5,16,233.9412
10,10000,5,2,30.952
10,10000,5,4,24.45958
10,10000,5,8,27.57306
10,10000,5,8,28.1355
10,10000,5,16,46.3285
10000,10,5,2,43.04856
10000,10,5,4,32.67462
10000,10,5,8,40.7904
10000,10,5,16,51.86836
