Nr linii matrice,Nr coloane matrice,Nr linii kernel,Nr threaduri,Timp executie
10000,10,5,0,42.87488
10,10000,5,0,675.90756
10000,10,5,0,42.57946
10,10,3,0,54.8
10,10,3,0,0.1603
1000,1000,5,0,193.69906
10,10000,5,0,39.65022
10000,10,5,0,32.90262
